CODCAR;CODVIA;NOMCAR
10;CA;LA RIOJA
15;CA;A.CREUS 'LO PACHECO'
20;CA;ACADEMIA
40;CA;AGER
45;CA;AIGUES TORTES
50;CA;AGUSTINS
53;AV;ALACANT
60;CA;ALANDIR
65;TR;SANT JORDI
80;AV;ALCALDE ARENY
90;CA;ALCALDE COSTA
100;CA;ALCALDE FUSTER
110;CA;ALCALDE MESTRE
130;AV;ALCALDE PORQUERAS
140;AV;ALCALDE PUJOL
150;AV;ALCALDE RECASENS
160;AV;ALCALDE ROVIRA ROURE
170;CA;ALCALDE SOL
180;CA;HISTORIADOR JOSEP LLADONOSA
190;CA;ALFES
200;CA;ALFONS II
210;CA;ALGERRI
220;CA;FERRARA
221;CA;ALMIRALL FOLCH
225;CA;ALMACELLES
230;CA;ALMODI VELL
240;PD;ALPICAT
245;CA;ALMERIA
250;CA;CASTELLA
251;PL;CASTELLA
260;CA;ALSAMORA
265;CA;AMICS DEL FFCC
270;CA;AMICS DE LLEIDA
271;PL;AMICS DE LLEIDA
280;PG;EMPORDA
290;CA;ANASTASI PINOS
300;CA;ANSELM CLAVE
305;CA;ANSELM CHARLES
310;CA;ANTONI AGUSTI
315;CA;ANTONI BERGOS I MASSO
320;CA;ANTONI SOLE
330;CA;APOSTOL SANT JAUME
340;RA;ARAGO
350;CA;ARAJOL
360;CA;ARBOLO
365;CA;ARBECA
370;CA;LA NOGUERA
380;CA;ARC DEL PONT
390;CA;ARIBAU
400;CA;ARNALD DE SOLSONA
405;CA;ARQUITECTE DOMENECH I TORRES
415;CA;ARQUITECTE MORERA I GATELL
420;CA;ARQUITECTE GAUDI
430;AV;ARTESA
440;CA;ANOIA
445;CA;ARTUR MOR
450;CA;ASSALT
455;CA;ARTUR VIVES
460;PD;ASTO
470;CA;ASSUMPCIO
480;PD;ALBARES
500;CA;ARQUITECTE GOMA
505;CA;ARQUITECTE FLORENSA
510;CA;ARQUITECTE BERGOS
515;CA;ARQUITECTE PORQUERAS
520;CA;ARQUITECTE CAMPMANY
525;CA;ARQUITECTE LAMARCA
530;CA;ARQUITECTE CASES
535;CA;ARQUITECTE CELLES
540;CA;ARQUITECTE VILLALONGA
545;CA;ENRIC CROUS
580;CA;BAFART
590;CA;BAIXADA DE L'AUDIENCIA
595;AV;BALAFIA
600;PD;BALAFIA
605;PL;BALAFIA
610;CA;BALAGUER
620;AV;BALMES
630;CA;BALLESTER
640;CA;BARBASTRO
650;AV;BARCELONA
655;CT;BARCELONA
656;PL;BARCELONA
660;GR;PLA
670;CA;BARO DE CASA FLEIX
680;CA;BARO D'EROLES
690;CA;BARO DE MAIALS
700;CA;BEATA JORNET
710;CA;BELLAVISTA
720;CA;BELLPUIG DE LES AVELLANES
725;CA;BENABARRE
730;CA;BERENGUER PRENAFETA
740;CA;BENVINGUDA
750;CA;BINEFAR
760;AV;BLONDEL
770;CA;BOBALA
780;PD;BOIXADORS
790;CA;BONAIRE
800;CA;BONIFACI VIII
810;CA;BOQUE
820;PL;BORES
830;CA;BORGES BLANQUES
840;CA;BORRAS
850;PG;BOTANIC BLET
860;CA;BOTERA
870;CA;BOTERS
880;CA;BOVA
890;PD;BOVA
900;CA;BRUC
910;TR;BRUC
920;CA;BON PASTOR
940;PD;BUTSENIT
945;PG;CACERES
950;CA;CAVALLERS
955;PG;CADIZ
960;PG;RIU CANALETAS
970;CA;CALDERERIES
980;CA;CALIXTE III
990;CA;PI I MARGALL
1000;CA;CAMI DE CORBINS
1010;CA;CAMI DE GRANYANA
1020;CA;CAMI DE MARIMUNT
1040;CA;CAMI DE PICOS
1041;TR;CAMI DE PICOS
1050;CA;CAMI VELL D'ALBATARREC
1060;CA;CAMPAMENT
1070;PD;CAMPANA
1080;CA;CAMPINYA
1090;CA;CAMP
1100;PD;CAMP-RODO
1110;CA;CANAL
1120;PD;CANET
1125;CA;CANTABRIA
1130;CA;CANONGE BRUGULAT
1140;CA;PARE SOLER
1150;CA;CANONGE GONZALEZ
1160;PD;CAPARRELLA
1165;CA;CASIMIR VILA
1170;CA;ISAAC ALBENIZ
1180;PG;RAMON Y CAJAL
1190;CA;BAIXADA DE LA TRINITAT
1200;CA;FOLCH I TORRES
1210;CA;CAPPONT
1211;PL;CAPPONT
1220;CA;CARDENAL CISNEROS
1230;CA;CARDENAL REMOLINS
1240;TR;CARDENAL REMOLINS
1243;CA;CARESMAR - LLIVIA
1250;CA;SANT ANASTASI
1260;CA;CARME
1270;TR;CARME
1280;CA;CARNICERIES
1285;CA;CARRERO - SUCHS
1290;CA;CARTOIXA TELM
1300;CA;CASAGUALDA
1301;CA;CASTELL FORMOS
1302;CA;CASTELL DE FARFANYA
1303;CA;CASTELL D'ARBECA
1304;CA;CASTELL DE MUR
1305;CA;CASTELL DE RIBELLES
1306;CA;CASTELL DE MALDA
1307;CA;CASTELL D'ARANYO
1308;CA;CASTELL DE VERDU
1309;CA;CASTELL DE GARDENY
1310;CA;BEAT FRANCESC CASTELLO ALEU
1330;AV;CATALUNYA
1340;PL;CATEDRAL
1350;CA;FERRAN RAMBLA
1360;CA;CENTRE
1370;PL;CERVANTES
1372;PD;CERDERA ALTA
1374;PD;CERDERA BAIXA
1380;CA;CERVERA
1390;CA;CERVIA
1400;CA;CID
1405;CA;CUENCA
1500;CA;CIUTAT DE FRAGA
1510;CA;CIUTAT DE TARREGA
1520;CA;CIUTADELLA
1530;CA;CLAVELL
1540;CA;CLOT DE LES MONGES
1550;CA;COBATILLAS ALTAS
1560;CA;COTXERA
1565;TR;COTXERA
1566;PD;COGULLADA TERMINO
1570;CA;COL.LEGI
1580;PD;COMA JUNCOSA
1590;CA;JOAN BAGET
1595;CA;JOAN DEL REI
1600;CA;LLIBERTAT
1610;CA;COMERÇ
1620;CA;COMPANYIA
1630;CA;L'ENSENYANCA
1635;PL;L'ESPLAI
1640;CA;COMTE DE RUEDA
1650;CA;SANTA MARTA
1660;CA;COMTE DE VINATESA
1670;CA;COMTES D'URGELL
1680;CA;COMTESSA ELVIRA
1685;PL;CONSTITUCIO
1690;PD;COPA D'OR
1695;CT;CORBINS
1700;CA;CORREGIDOR ESCOFET
1710;CA;CORREGO
1720;CA;CORREU VELL
1730;CA;COS-GAYON
1732;CA;COSO
1738;CA;CREU BASELLA - LLIVIA
1740;CA;CRISTOFOL DE BOLEDA
1750;CA;CRONISTA MUNTANER
1760;PL;DELS GRAMATICS
1765;CA;DELS PINS
1770;CA;QUATRE PILANS
1780;PD;QUATRE PILANS
1790;CA;COSTA DEL JAN
1800;CA;COSTA MAGDALENA
1810;PD;CUNILLAS
1820;CA;BLANQUERS
1830;PL;BLAS INFANTE
1930;CA;DANIEL
1940;CA;DAUNOIS
1945;CA;DEL CANYERET
1950;CA;ALCALDE VIVES
1955;CA;ALCANO
1960;PL;DIPOSIT
1970;CA;DESCALÇOS
1971;TR;DESCALÇOS
1980;CA;DESVALLS
1990;CA;LA CERDANYA
1995;CA;DE LA CERDERA
2000;PL;ESPANYA
2010;CA;DOCTOR CAMBRODI
2020;CA;CORTS CATALANES
2030;CA;DOCTOR COMBELLES
2035;PG;DOCTOR COMBELLES
2040;AV;DOCTOR FLEMING
2045;CA;DOCTOR ESTOPA
2046;CA;DOCTOR BIOSCA
2050;CA;NADAL MEROLES
2056;CA;DOCTOR ZAMMENHOFF
2060;CA;DOCTORA CASTELLS
2065;CA;ELS BEATLES
2070;CA;DOLORS
2075;CA;DUKE ELLINGTON
2080;CA;DOMENEC DE MIGUEL
2085;PL;ANDALUCIA
2095;PL;DRETS HUMANS
2100;PL;EDIL SATURNINO
2110;CA;E.PUBILL 'LO PARRANO'
2200;CA;ALFRED PEREÑA
2207;CA;EDUARD TOLDRA
2210;CA;EDUARD VELASCO
2220;AV;EXERCIT
2230;PL;EXERCIT
2240;CA;AMBAIXADOR ESPENS
2250;PD;EMPRESEGUERA
2260;CA;ENRIC GRANADOS
2267;CA;ERA VAL D'ARAN
2270;CA;ERETA
2280;PL;ERETA
2290;CA;ERMENGOL VI
2300;CA;ESCALES SANT LLORENÇ
2310;CA;ESCOLES
2320;CA;ESCULTOR CORSELLES
2325;AV;ESTUDI GENERAL
2330;CA;ESCULTOR GUALTER
2335;CA;ESPIGOL
2337;PG;ESTUDIANTS
2340;PL;SANT JOAN
2350;CA;RIU TER
2360;CA;RAMON LLULL
2370;CA;EX CAMI D'ALPICAT
2380;CA;EXTREMADURA
2381;TR;EXTREMADURA
2490;CA;ANETO
2495;CA;EUGENI D'ORS
2505;PL;EUROPA
2510;CA;FELIP DE SILVA
2520;PD;FEMOSA
2530;GR;FERNANDEZ GALAR
2540;CA;FERRAN EL CATOLIC
2550;AV;FLIX
2555;CA;FLOR DE LIS
2560;CA;FLORIDA
2580;CA;FONTANELLES
2589;AV;FONTANET
2590;PD;FONTANET
2600;PD;FONTANET LO CURT
2610;PD;FONTANET MEDIO
2620;CA;FRAGA
2625;PL;FRANÇA
2630;CA;LA SELVA
2635;CA;FRANCESC SOLANA I FORTUÑO
2640;CA;CANIGO
2645;CA;FRANCESC PORTA I VILALTA
2650;CA;FRANCESC MOLI
2660;TR;FRANCESC MOLI
2665;CA;FREDERIC RIU FARRE
2670;CA;FONT DE L'AIGUARDENT
2675;GL;FONT I QUER
2680;CA;FONT NOVA
2690;CA;GANDESA
2790;CA;GALERA
2795;CA;GARCIA LORCA
2800;AV;GARRIGUES
2820;GR;GASPAR DE PORTOLA
2830;CA;GAIROLES
2840;CA;GENERAL
2850;CA;MONTERREY
2860;CA;GENERAL BRITO
2870;AV;PRAT DE LA RIBA
2880;CA;SALMERON
2890;CA;CAMP DE MART
2895;CA;GINESTA
2900;CA;GIRONA
2910;GL;BALTASAR GRACIAN
2920;CA;GOVERNADOR MONCADA
2930;CA;AGELET I GARRIGA
2940;CA;GOYA
2950;CA;GRALLERA
2955;CA;GRANADA
2960;CA;GRANADELLA
2970;PL;GRANADOS
2980;PS;GRAN PASSEIG RONDA
2990;PD;TERME DE GREALO
3000;PD;GREALO
3010;PD;GRANYENA
3020;PD;GUALDA
3030;CA;GUILLEM BOTET
3050;PD;GUINDAVOLS
3160;CA;GERMANETES
3170;CA;GARRAF
3180;CA;EL PRIORAT
3190;GR;GERMANS CARRERA CEJUDO
3200;CA;VALLS D'ANDORRA
3210;GR;VORAVIA
3220;CA;CONCA DE BARBERA
3230;CA;PROGRES
3240;CA;GERMANS IZQUIERDO
3250;CA;LA GARROTXA
3255;CA;LA LLUM
3260;CA;EL BAGES
3270;CA;GERMANS PIGNATELLI
3280;CA;GERMANS QUERALT
3290;CA;GERMANS RECASENS
3300;CA;VALENTI ALMIRALL
3310;PL;HISPANOAMERICA
3320;CA;HOSPITALERS DE SANT JOAN
3330;CA;HOSTAL DE LA BORDETA
3340;CA;OSCA
3350;PG;HUELVA
3450;CA;IGNASI BASTUS
3460;CA;IGUALADA
3470;CA;IMPRESSOR BOTEL
3475;PG;ILLES BALEARS
3480;CA;INDEPENDENCIA
3490;CA;INDIVIL I MANDONI
3500;CA;ENGINYER CELLERS
3510;CA;ISABEL II
3520;CA;ISERN
3530;CA;ISONA
3550;CA;IRENE SOLSONA
3640;CA;JAEN
3650;CA;JAUME D'AGRAMUNT
3660;CA;JAUME I CONQUERIDOR
3670;CA;JAUME II
3680;CA;CASTELLDANS
3690;CA;JARDI
3700;CA;JERONI PUJADES
3710;PD;JESUSET
3715;CA;JOAN MIRO
3719;PG;JOC DE LA BOLA
3720;CA;JOC DE LA BOLA
3735;CA;JOSEP CARNER
3738;CA;JOSEP PLA
3740;AV;FRANCESC MACIA
3750;GR;AVINGUDA DE MADRID
3755;CA;JOSE OLONDRIZ OSTIZ
3760;CA;JOSEP FONTSERE
3770;CA;JOAN GAVARRA
3775;CA;JOAN BAPTISTA XURIGUERA
3780;PL;JOAN XXIII
3800;CA;JUERIA
3810;CA;JOGLAR SEGALA
3820;CA;JULI CESAR
3830;CA;JUNEDA
3850;CA;JUPITER
4020;PL;LA RIOJA
4030;CA;LA MANCHA
4040;CA;L'ALGUER
4060;CA;LA CORT
4070;PD;LA CORT
4075;CA;LA CORUÑA
4080;CA;LA CREU
4090;CA;LA MESQUITA
4100;CA;LA PALMA
4110;CA;LA PARRA
4120;PL;LA PAU
4130;GR;LA PAU
4140;PL;LA SAL
4150;CA;LA SUDA
4152;CA;LAMARCA
4154;GR;LANDELINO LAVILLA
4157;CA;LAS ALPUJARRAS
4158;PL;L'ESCORXADOR
4160;PQ;LES BASSES
4180;CA;LES PASSADORES
4190;CA;LES PIQUES
4200;CA;LES ROSES
4210;CA;TORRES DE SANUI
4270;CA;LLORERS
4275;CA;LEANDRE CRISTOFOL
4280;CA;BICIBERRI
4282;PD;LES CANALS
4285;CA;LES AVELLANES
4290;CA;LLITERA
4295;CA;DE LA COMA DE SANTA FE -LLIVIA
4300;CA;ELS ERALS
4320;CA;ELS RAMS
4400;AV;PLA D'URGELL
4420;PD;LLIVIA
4421;CA;ALBAREDA - LLIVIA
4422;CA;ANTONI VILAPLANA - LLIVIA
4423;CA;CLADELLERS - LLIVIA
4424;CA;PARDALS - LLIVIA
4425;CA;DIPOSITS - LLIVIA
4426;CA;GREALO - LLIVIA
4427;CA;HORTA - LLIVIA
4428;CA;TOSSAL STA.FE - LLIVIA
4429;CA;LA GRALLERA - LLIVIA
4430;CA;LAS GRANJAS - LLIVIA
4431;CA;LA PAZ - LLIVIA
4432;CA;GRAN - LLIVIA
4433;CA;MARQUES DE L'ENSENADA - LLIVIA
4434;PL;NOVA - LLIVIA
4435;CA;PARTIDORS - LLIVIA
4436;CA;CAMI DEL NORD - LLIVIA
4440;CA;LLOPIS
4450;CA;LUDOVICUS PIUS
4455;CA;M.CARRASCO FORMIGUERA
4460;CA;LLUIS BESA
4470;CA;LLUIS ROCA
4580;CA;MARE DOLCET
4590;AV;MADRID
4600;CA;MESTRE JOAN D'AVILA
4605;PL;MESTRE SERRA
4610;CA;MAGDALENA
4620;CA;MAGI MORERA
4630;PD;MALGOVERN
4635;CA;MANUEL DE PEDROLO
4640;CA;MANUEL FLORENSA
4641;PG;MANUEL SEBASTIAN
4660;CA;MANUEL DE MONTSUART
4670;CA;MANUEL DEL PALACIO
4680;CA;MARAGALL
4690;CA;MESTRE EMILI PUJOL
4700;CA;MARANYOSA
4710;CA;MARIA SAURET
4720;PD;MARIMUNT
4730;CA;MARIOLA
4740;FA;MARIOLA-FALDA GARDENY
4741;PD;MARIOLA
4742;CA;MIG CAMI
4743;CA;CAMI TORRE BLANCA
4750;CA;MARIUS TORRES
4760;CA;MARQUES DE LEGANES
4770;CA;VILA ANTONIA
4780;CA;MART
4790;CA;MARTI GRALLA
4800;AV;PRESIDENT TARRADELLAS
4810;CA;MARTOS
4820;CA;MUSIC VIVALDI
4830;CA;MAIALS
4840;CA;MAJOR
4845;PG;MALAGA
4850;CA;METGE ABIATAR
4860;CA;METGE MERCE
4870;CA;MEQUINENSA
4875;RA;LA MERCE
4880;CA;MENARGUENS
4890;PG;MIQUEL ARAGONES
4900;CA;MIQUEL DE CORTIADA
4910;PG;MIQUEL FARGAS
4915;CA;MIQUEL HERNANDEZ
4920;CA;MIQUEL SERRA
4930;PL;MISSIONS
4940;CA;CONCORDIA
4950;CA;MOLLERUSSA
4960;PD;MONTCADA
4961;CA;MONTSERRAT ROIG
4965;CA;MONESTIR DE VALLBONA
4966;CA;MONESTIR DE LES AVELLANES
4967;CA;MONESTIR DE GERRI
4968;CA;MONESTIR D'AVINGANYA
4969;CA;MONESTIR DE GUALTER
4970;CA;MONGES
4975;GR;MONTALBAN - MAGRANERS
4980;CA;MONZON
4990;CA;MONTPELLIER
5000;PD;MOREDILLA TERMINO
5010;CA;MORISCOT
5020;CA;MOSSEN AMIC
5030;PL;MOSSEN J.VERDAGUER
5040;CA;MOSSEN PELEGRI
5050;CA;MOSSEN REIG
5060;CA;MOSSEN SALVADOR
5065;CA;MOSTAIN - LLIVIA
5070;CA;MOSSEN SOLE
5080;CA;MURCIA
5210;AV;NAVARRA
5220;CA;NEPTU
5230;PL;NOGUEROLA
5240;CA;NOLIUS
5250;CA;NOSTRA SRA DELS ANGELS
5260;CA;NOSTRA SRA DEL CARME
5270;CA;NOSTRA SRA DEL MIG ARAN
5280;CA;NOU
5390;CA;BISBE
5400;CA;BISBE GALINDO
5410;CA;NORD
5420;CA;BISBE IRURITA
5430;CA;BISBE MESSEGUER
5440;CA;BISBE RUANO
5450;CA;BISBE TORRES
5460;CA;OBRADORS
5470;CA;ODON FONOLL
5480;CA;OLIVER
5490;GR;ONESIMO REDONDO
5500;CA;ONOFRE CERVERO
5505;PS;ONZE DE SETEMBRE
5510;PL;ORVEPARD
5630;CA;PAU CLARIS
5635;CA;PINTOR BENSENY
5640;CA;PICA D'ESTATS
5650;PL;PARE NADAL
5655;CA;PARE PALAU
5660;CA;PAER CASANOVAS
5665;CA;PINTOR ALBERT VIVES
5670;CA;PAER RUFES
5680;PL;PAERIA
5690;CA;PALAU
5700;CA;PALAUET
5710;CA;LA PALOMA
5720;CA;PALLARS
5730;CA;PANERA
5740;PL;PANERA
5745;PQ;JOC DE LA BOLA
5746;PQ;MARIUS TORRES
5750;PD;PARDINYES ALTES
5760;CA;PARDINYES BAIXES
5770;PG;PARDINYES BAIXES
5771;PD;PARDINYES BAIXES
5775;CA;PARE GABERNET
5780;CA;PARC
5790;PL;PATI DE MIQUELO
5795;PL;PAU CASALS
5800;AV;PEARSON
5810;CA;PERE CAVASEQUIA
5820;CA;PERE DE COMA
5830;CA;PERE DE SANT CLIMENT
5840;PD;PEIXA SOM.MES
5850;CA;PERALTA
5860;CA;PICABAIX
5870;CA;PINTOR FERRER
5875;CA;PINTOR GARCIA LAMOLLA
5880;CA;PINTOR MORERA I GALICIA
5890;AV;PIUS XII
5900;CA;PIRINEUS
5905;PD;PLA DE CERDERA
5910;PD;PLA DE LLEIDA
5915;AV;PINYANA
5920;PD;PLA DE MONSO
5930;PD;PLA DE SAN RUF
5935;PD;PLA DE VILANOVETA
5950;PD;PLA DEL SASTRE
5960;PD;PLANA DE GENSANA
5970;PD;PLANA DEL BISBE
5971;PD;LA PLANA
5980;CA;PLATERIA
5990;CA;PLEYAN DE PORTA
5995;CA;POBLA DE SEGUR
6000;CA;POCURULL
6005;CA;PONT DE SUERT
6010;PO;POL.INDUST. EL SEGRE
6020;PG;POMPEU
6025;JA;POMPEU FABRA
6030;CA;PONTS
6035;JA;1R. DE MAIG
6040;CA;PREMIA DE MAR
6050;PG;PREMSA
6060;CA;EL PENEDES
6080;GR;PRINCEP JOAN CARLES
6090;CA;PRINCEP DE VIANA
6100;PG;PRINCEP DE VIANA
6110;CA;PRUDENCIO MURILLO
6120;CA;PUIGVERD
6250;CA;EL RIPOLLES
6260;GR;MARIOLA
6265;CA;RAMON RAMOS ALVAREZ
6266;PL;RAMON RAMOS ALVAREZ
6270;CA;RAMON ARGILES
6280;PL;RAMON BERENGUER IV
6290;CA;RAMON CASTEJON
6300;CA;RAMON SOLDEVILA
6310;CA;RAMON Y CAJAL
6320;CA;RASTRO
6325;CA;RAIMAT
6335;CA;EMPORDA - RAIMAT
6345;CA;ARAGO - RAIMAT
6350;CA;L'ESTACIO - RAIMAT
6355;CA;CANAL - RAIMAT
6365;CA;CASTELL - RAIMAT
6370;CA;FORMIGO - RAIMAT
6375;CA;DEL NORD - RAIMAT
6380;CA;MAJOR - RAIMAT
6385;GR;POLVORIN - RAIMAT
6390;CA;LES MONGES - RAIMAT
6395;CA;TANCAT - RAIMAT
6400;CA;VERGE DE MONTSERRAT - RAIMAT
6405;CA;VALENCIA - RAIMAT
6410;CA;PENEDES - RAIMAT
6415;CA;VALLES - RAIMAT
6420;CA;PINS - RAIMAT
6425;DI;DISSEMINAT - RAIMAT
6430;CA;PRIORAT - RAIMAT
6450;CA;RONDA - RAIMAT
6460;CA;URGELL - RAIMAT
6480;CA;REIAL
6485;PL;RECTOR DE VALLFOGONA
6500;CA;REJOLAR
6520;CA;EL BERGUEDA
6540;CA;REPUBLICA DEL PARAGUAI
6545;CA;REUS
6550;CA;REI
6555;CA;REPUBLICA ARGENTINA
6560;PL;RICARD VIÑES
6570;CA;RIU
6580;CA;RIU ESSERA
6590;PL;RIU FLAMISELL
6600;CA;RIQUER
6604;CA;RIU SIO
6606;CA;RIU CINCA
6610;CA;ROCA LABRADOR
6620;CA;ROGER DE LLURIA
6625;CA;ROMANI
6630;CA;RONDA SANT MARTI
6635;CA;RONDA LA SEU VELLA
6640;CA;ROSARI
6645;CA;ROCA I LLETJOS
6650;CA;EL MONTSIA
6660;PD;RUFEA
6670;CA;MANUEL DE FALLA
6680;GR;RUIZ DE ALDA
6690;CA;ROSSINYOL
6710;CA;SALOU
6720;CA;SAMUEL GILI I GAYA
6730;PG;SANTANDER
6800;PL;SAGRADA FAMILIA
6810;CA;SANT AGUSTI
6820;CA;DEMOCRACIA
6825;CA;S.SEGUI 'EL NOI DEL SUCRE'
6830;CA;SANT ANDREU
6840;CA;SANT ANTONI
6850;PL;SANT ANTONI MARIA CLARET
6860;CA;SANT CARLES
6865;CA;SANT CRIST
6870;CA;SANT CRISTOFOL
6880;PL;SANT FRANCESC
6890;CA;SANT FRANCESC XAVIER
6891;TR;SANT FRANCESC XAVIER
6900;CA;SANT FRANCESC DE SALES
6910;CA;SANGENIS BERTRAN
6930;CA;SANT HILARI
6940;CA;SANT IGNASI DE LOIOLA
6950;CA;CORDOBA
6960;CA;SANT ISIDRE
6965;CA;SANT ISIDRE LLAURADOR
6970;CA;SANT JAUME
6980;PG;SANT JERONI
6990;PG;SANT JORDI
7000;PL;SANT JORDI
7020;PL;SANT JOSEP
7030;CA;SANT JOSEP OBRER
7040;CA;SANT JOAN
7050;CA;SANT JOAN BAPTISTA
7060;CA;SANT JOAN DE MATA
7070;PD;SANT JUST
7080;PL;SANT LLORENÇ
7090;CA;SANT LLUIS GONZAGA
7100;CA;SANT LLEIR
7110;CA;SANT MARTI
7120;CA;SANT PAU
7130;CA;SANT PASCUAL BAILON
7140;CA;SANT PAULI DE NOLA
7150;AV;SANT PERE
7160;PL;SANT PERE
7170;CA;SANT PERE CLAVER
7180;CA;SANT PERE NOLASC
7190;CA;SANT RAMON
7200;CA;SANT ROC
7205;PG;SANT ROC
7210;AV;SANT RUF
7220;CA;SANT SALVADOR
7230;CA;SANT VICENC DE PAUL
7233;CA;ASPA
7240;CA;SANS I RIBES
7245;PG;SANTA ANNA
7250;CA;SANTA CECILIA
7260;CA;SANTA COLOMA
7265;PL;SANTA CLARA
7270;CA;SANTA FE
7280;PG;SANTA ISABEL
7290;CA;SANTA LLUCIA
7300;CA;HUMBERT TORRES
7320;GR;SANTA MARIA DE GARDENY
7330;PL;SANTA MARIA MAGDALENA
7340;CA;SANTA TERESA DE JESUS
7360;CA;SANT DOMENEC
7365;PL;PARE SANAHUJA
7370;CA;SAPORTA
7380;CA;SARACIBAR
7390;CA;NARCIS MONTURIOL
7400;CA;SATURN
7410;CA;SCALA DEI
7420;CA;SOLIDARITAT
7430;CA;SEGARRA
7440;CA;SEGOVIA
7450;AV;SEGRE
7460;CA;SEGRIA
7465;PG;SEGRIA
7470;PS;SEGON PASSEIG DE RONDA
7480;CA;SEMINARI
7490;PL;SEMINARI
7500;CA;SEU VELLA E.POBLACIO
7510;PD;SERRALONGA
7515;CA;SERRANIA DE RONDA
7518;CA;SEVILLA
7520;CA;SICORIS
7530;CA;SERRA D'ALMENARA
7540;CA;SERRA DE PRADES
7550;CA;SERRA DEL CADI
7560;CA;SERRA DEL MONTSEC
7565;CA;SERRA NEVADA
7570;CA;SIFO
7580;PL;SOCIAL
7590;CA;SOLDEVILA
7600;CA;SOLSONA
7601;PD;SOT DE FONTANET
7610;CA;COSTA DELS MAGRANERS
7620;CA;COSTA DELS TEIXIDORS
7628;CA;SUCHS
7630;CA;ALTA - SUCHS
7640;CA;VILOT - SUCHS
7650;CA;BOU - SUCHS
7660;CA;CARMEN - SUCHS
7670;CA;CASA GRAN,EFA - SUCHS
7690;CA;ELS HORTS - SUCHS
7695;PL;L'HORTA - SUCHS
7705;DI;DISSEMINAT - SUCHS
7710;CA;MESTRE - SUCHS
7715;CA;ESCOLES - SUCHS
7720;CA;MAJOR - SUCHS
7725;PL;MAJOR - SUCHS
7730;CA;MIGDIA - SUCHS
7735;CA;LA FONT - SUCHS
7740;CA;PARC - SUCHS
7745;CA;DELS PINS - SUCHS
7750;CA;SANT ISIDRE LLAURADOR - SUCHS
7755;CA;GRUP ARTESANS - SUCHS
7760;CA;SANT JORDI - SUCHS
7765;TR;SANT JORDI - SUCHS
7769;CA;SUQUETS - SUCHS
7770;CA;SUCS - SUQUETS
7771;CA;NAVARRA - SUCHS
7772;CA;SANT FRANCESC - SUCHS
7773;CA;SANT ANTONI - SUCHS
7790;CA;SUDANELL
7900;CA;TALLADA
7910;CA;TAMARIT DE LLITERA
7920;CA;TAQUIGRAF MARTI
7930;CA;TARRAGONA
7935;CT;TARRAGONA
7940;CA;TEULERIES
7950;CA;TEMPLERS
7960;CA;RIU LLOBREGAT
7970;CA;EL VALLES
7980;CA;TEROL
7990;CA;PINTOR XAVIER GOSE
8000;CA;TIMBALERS
8005;PG;TOLEDO
8010;CA;LLUIS MILLET
8014;CA;TON SIRERA
8020;AV;TORTOSA
8023;CT;TORREFARRERA
8024;CA;TORREGROSSA
8025;CA;TORRE GILABERT - LLIVIA
8035;AV;TORRE VICENS
8040;PD;TORRES DE SANUI
8050;CA;TORRES DE SEGRE
8060;PL;TREBALL
8070;CA;TRANSFORMADOR
8080;CA;DARRERA SANT MARTI
8081;CA;DARRERA SEMINARI
8085;CA;TREMP
8090;PL;DELS FANALETS DE S. JAUME
8095;CA;TRIANA
8100;CA;TRINITARIS
8110;CA;TURULL
8220;CA;UNIO
8230;CA;UNIVERSITAT
8235;UR;URBAN.FUNDACIO FELIP
8236;UR;URBAN.LLEIDA PARK
8340;AV;VALENCIA
8345;CA;VALLADOLID
8350;CA;VALLCALENT
8360;PD;VALLCALENT
8362;CA;VALL D'ANEU
8363;PG;VALL DE CARDOS
8364;CA;VALL DE BOI
8365;PL;DE LES VALLS
8366;PG;VALL D'ISIL
8367;CA;VALL FERRERA
8370;CA;VEGUER CARCASSONA
8375;PL;VICTOR MATEU I MOLES
8380;CA;VENUS
8387;CA;VERGE DEL BLAU
8390;CA;LLUIS COMPANYS
8396;PL;PAGESOS
8400;PL;WIFRED I
8410;CA;VIDAL I CODINA
8420;CA;VILA DE FOIX
8430;PD;VINATESA TERME RURAL
8440;CA;VERGE BLANCA
8441;TR;VERGE BLANCA
8450;CA;VERGE DE BEGONYA
8460;CA;VERGE DELS DESEMPARATS
8470;CA;VERGE DE MONTSERRAT
8480;CA;VERGE DE NURIA
8481;TR;VERGE DE NURIA
8490;CA;VERGE DEL PILAR
8500;CA;VERGE DE LA SALUT
8510;CA;VESCOMTE ARNAU
8520;PG;XOPERA
8530;CA;VITORIA
8540;CA;VICTORIA KENT
8550;CA;XAVIER PUIG ANDREU
8560;PL;VICTOR SIURANA
8570;PL;JOSEP PIÑOL
8580;CA;ESPERANÇA GONZALEZ
8590;CA;ABAT ESCARRE
8600;CA;SALVADOR ESPRIU
8610;CA;JOAN FUSTER
8620;CA;ENRIC ARDERIU
8800;CA;SARAGOSSA
8810;CT;SARAGOSSA
8815;PL;DEL 8 DE MARÇ
8820;PL;DE L'HORT DE SANTA TERESA
8825;CA;D'HENRI DUNANT
8830;PL;GALICIA
8835;PL;MARIA RÚBIES I GARROFÉ
8852;CA;ALBAGES
8860;CA;GALICIA
8863;CA;ASTURIES
8866;CA;RIU BESOS
8867;CA;RIU FRANCOLI
8872;CA;RIU EBRE
8885;CA;DOCTOR TRUETA
8897;CA;PICASSO
8904;CA;ENRIC FARRENY
8906;CA;CARMELO FENECH
8907;AV;GERMANIES
8908;CA;MESTRE TONET
8916;CA;PERIODISTA TRAPA
8923;CA;RODA D'ISABENA
8929;CA;GANDHI
8935;CA;ALFARRAS
8940;CA;EUZKADI
8950;AV;INDUSTRIA
8951;CA;JOSEP SEGURA FARRE
8952;CA;JOSEP BARO TRAVE
8953;CA;ENGINYER MIAS
8954;CA;ENGINYER PABLO AGUSTIN
8955;CA;LA SIDERURGIA
8956;CA;LA FORNAL
8957;CA;LA FUSTA
8958;CA;LA MINERIA
8959;CA;L'ADUANA
8960;CA;LLORENÇ AGUSTI CLAVERIA
9001;CT;BALAGUER
9002;CT;CASTELLDANS
9003;CT;CAMI DE L'ALBI
9004;CT;RESTE TERME MUNICIPAL
9005;CT;TORRESERONA
9006;CT;PROL. ALCALDE ROVIRA ROURE
9007;CT;OSCA
1645;CA;JOAN CULLERE
325;CA;ANTONI BLAVIA
8840;PL;MARIA ROSELL
8015;PL;TIURANA
25;CA;AGRAMUNT
275;AV;AMPOSTA
4675;CA;MANUEL GAYA I TOMAS
6432;PL;DE LA VEREMA - RAIMAT
6434;CA;DEL PARELLADA - RAIMAT
6436;CA;DEL CABERNET - RAIMAT
6438;CA;DEL MERLOT - RAIMAT
6440;CA;DEL CHARDONAY - RAIMAT
6442;CA;DEL MACABEU - RAIMAT
6444;CA;DEL TEMPRANILLO - RAIMAT
255;PL;ALMUDEFAR - LLIVIA
6446;PL;MAJOR - RAIMAT
7680;PD;ENTITAT DE SUCHS
5925;PD;PLA DE RAIMAT
6011;PO;POL.INDUST. CAMI DELS FRARES
5100;CA;JOSEP VIOLA I GAMON
5105;CA;FRANCESC BORDALBA I MONTARDIT
5110;CA;FRANCESC ARGILES I BIFET
5115;CA;RICARD CALVET I SERRA
5120;CA;JOSEP SARRATE I FORGA
5125;CA;ANTONI GUIX I RIBELLES
5130;PL;PAÏSOS CATALANS
5135;CA;MANRESA
5140;CA;VIC
5145;CA;TERRASSA
5150;CA;SABADELL
5155;CA;VALL DE CABO
5160;CA;SUNYER
5165;CA;VALL D'ASSUA
5170;CA;VALL FOSCA
5175;CA;RIU GARONA
5180;CA;ALBERT COMA I ESTADELLA
5185;CA;BALDOMER GILI I ROIG
5190;PL;DE LA VINYA - RAIMAT
5195;JA;LES MAGNOLIES
1275;CA;CARMELITES
1175;PG;CAPITA FARRE
7665;TR;CARME - SUCHS
7726;TR;MAJOR - SUCHS
7685;TR;ELS HORTS - SUCHS
7645;TR;VILOT - SUCHS
6012;PO;POL.INDUST. MECANOVA
4050;CA;L'ALBI
8630;CA;VIMBODI
8640;CA;VINAIXA
930;CA;BOVERA
935;CA;PLA DE SANTA MARIA
925;CA;VILA-RODONA
1785;CA;RAFAEL GRAS I D'ESTEVA
1795;JA;MARIA MERCE MARÇAL
1805;PL;UTXESA
1815;PG;RIU CORB
6455;CA;GOLF DE RAIMAT
7635;AV;DEL 8 DE MARÇ - SUCHS
7655;PL;PAGESIA - SUCHS
7675;CA;CALANDRIA - SUCHS
7780;CA;PONENT - SUCHS
7785;TR;PONENT - SUCHS
7795;CA;NORD - SUCHS
4437;CA;ORENETES - LLIVIA
4438;CA;VERDEROL - LLIVIA
215;CA;ALGUAIRE
5835;CA;PERPINYA
4260;CA;LERIDA
6615;PL;ROSA SENSAT
2545;PL;FERROVIARIS
915;CA;BRASIL
1575;CA;COLOMBIA
8515;CA;XILE
385;CA;ARGENTINA
5090;PL;JOSEP SOLANS
4775;TR;VILA MONTCADA
4705;PL;MARIA AURELIA CAPMANY
5815;CA;PERE DE CABRERA
55;CA;AGUSTI DURAN I SANPERE
3040;CA;GUILLEM DE BEZIERS
2090;CA;ANDREU D'ESPENS
4445;CA;ORIOL MARTORELL
8545;PL;VOLUNTARIAT
1535;PL;CLARA CAMPOAMOR
695;PG;BARQUES DEL TOFOL
4225;CA;LAUREA FIGUEROLA
4725;AV;MARIMUNT
115;CA;ALCALDE MONTANYA
165;CA;ALCALDE SANGENIS
3765;CA;JOSEP PALLACH
550;CA;ARQUITECTE IGNASI MIQUEL
9008;AP;DE CORREUS - R.FERRAN
6392;CA;ESGLESIA - RAIMAT
2780;PQ;GARDENY
3675;JA;JAUME MAGRE
285;CA;AMSTERDAM
4885;JA;MERCE RODOREDA
1295;JA;CARME AMAYA
95;JA;ALCALDE ESTADELLA
2636;JA;FRANCESC SOLANA
8435;CA;VIOLANT D'HONGRIA
3685;PL;JOAN SANTAMARIA
5095;PL;JOSEP WEHRLE
8066;PL;TRAGO DE NOGUERA
4955;CA;MONESTIR DE LES FRANQUESES
4956;CA;MONESTIR DE POBLET
1255;PQ;SANT ANASTASI - LLIVIA
8525;JA;ZOE ROSINACH
8030;PL;TORRE ABIZANDA
3677;PL;JAUME RUBIO
4895;AV;MIQUEL BATLLORI
4805;AV;PRESIDENT JOSEP IRLA
3560;CA;ENGINYER SANTI COMPANYS
3565;CA;ENGINYER ANTONI LLOBET
6330;CA;QUATRE DE FEBRER - RAIMAT
7700;JA;LA PAU - SUCHS
2296;JA;ERNEST LLUCH
9010;CT;NACIONAL II
9011;CT;NACIONAL 230
9012;CT;NACIONAL 240
9016;;RIU SEGRE - CANALITZACIO
9017;;CAMP D'ESPORTS - APARC.
9018;;UNIVERSITAT - APARC.
9019;;HOSPITAL ARNAU DE VILANOVA
9020;;HOSPITAL DE SANTA MARIA
9021;;GUARDIA URBANA - CASERNA
9022;PQ;CAMPS ELISIS
9023;;AGRONOMS - APARC.
9024;;FIRETES
9025;PQ;LA MITJANA
9009;AP;DE CORREUS - C/SEGOVIA
9026;;MERCAT CENTRAL
9027;CT;C-12
9028;CT;C-13
9029;;CANALITZACIO RIU SEGRE
6452;CA;TRAVESSERA DE L'ESTACIO-RAIMAT
6013;PO;POL.INDUST. CREU DEL BATLLE
3725;PQ;JOAN ORO
272;PL;AMISTAT
70;CA;ALAMUS
8045;CA;TORRELAMEU
4145;CA;LA PORTELLA
4785;CA;VILANOVA DE FONTANET
4715;CA;MARIA VILALTELLA
9030;CT;LL-11
9031;CT;C-11
6014;PO;POL.INDUST. LES CANALS
4925;PL;MIGUEL SERVET
3785;PL;JOAN VILAGRASA
8385;CA;VICENÇ XIMENIS
8535;CA;YEHUDI MENUHIN
5825;CA;PEPITA SAGAÑOLES
5215;PL;PABLO IGLESIAS
1345;PL;CATERINA ALBERT
5225;CA;ALBERT PORQUERAS
2120;PL;ENCARNA LOPEZ
5765;CA;PASCUAL MADOZ - LLIVIA
4165;CA;LES CANALS
4170;CA;LA CREU DEL BATLLE
5235;CA;AUGUST FONT
7800;CA;SOL
7805;CA;MERCURI
7810;CA;URA
7815;CA;PLUTO
5515;CA;MARIE CURIE
5520;CA;MARIA MONTESSORI
5525;CA;CARME LAFORET
5530;AV;ALBARES
5535;CA;JOAQUIN COSTA
5540;AV;LA CANADIENSE
5545;CA;CAL BERNET
5550;CA;RAMON RUBIAL
5560;CA;FRANJA DE PONENT
5565;CA;COPA D'OR
5570;PL;MOLI DE SANT ANASTASI
5575;PL;FRANCESC VIADIU
5580;PL;LO MARRACO
5585;PL;JESUS MONCADA
5590;PL;MARTA MATA
5595;AV;CIUTAT JARDI
5600;CA;TIL.LER
5605;CA;ROURE
5610;CA;ALENTORN
5615;CA;PILAR FELIP
5620;CA;ACACIA
5625;CA;AVET
5645;CA;GREVOL
5675;CA;MELIA
5685;CA;MORERA
5695;CA;CASTANYER
5705;CA;OLIVERA
5715;CA;BALADRE
5725;CA;ALMENAR
5735;CA;EL COGUL
5755;CA;VILANOVA DE LA BARCA
5785;CA;ALCARRAS
5300;PL;JAUME GORT
5305;PL;VICTIMES DEL TERRORISME
5310;PL;VICTORINA VILA
5315;CA;LLORER
5320;CA;TUIA
5325;CA;SALZE
5330;CA;EUCALIPTUS
5335;CA;CATALPA
5340;CA;PEPITA URIZ
5345;CA;JOSEP M. ALBA
5350;CA;CARLES FONTSERE
5355;CA;SIMONE DE BEAUVOIR
5360;CA;CASTELL DE MONTCLAR
5365;CA;MARGARIDA XIRGU
9032;;PARC DE L'AIGUA
9033;;PUJADA GARDENY
9034;;MERCAT PARDINYES
9035;;AUDITORI - APARC.
5805;PL;PATI DE LES COMEDIES
8565;CA;VILALLER
8575;CA;RAFAEL ALBERTI
8585;CA;IVARS D'URGELL
8605;CA;ANTIC CAMI DEL MURRI
8615;CA;ARBORETUM
8625;PL;AUREMBIAIX D'URGELL
8595;CA;VINYA - RAIMAT
9036;;PROL. PRAT DE LA RIBA
2400;;PONT VELL
2405;;PONT NOU
2410;;PONT DE LA UNIVERSITAT
2415;;PONT DE PARDINYES
2420;;PASSAREL·LA LICEU ESCOLAR
9037;;CAMI CANAL DE PINYANA
1045;CM;BUROT
6015;PO;POL.INDUST. NEOPARK
6016;PO;POL.INDUST. LLEIDA PARK
8055;CA;ESTANY D'IVARS
8075;PS;TORRE PATRIOT
8105;CA;TERMENS
8115;CA;VALLFOGONA DE BALAGUER
8120;CA;FERRO
8125;;PASSAREL·LA CIUTAT JARDI
8130;;PONT JOC DE LA BOLA
8135;CA;BOMBERS
8140;PL;MIQUEL ROIG
8145;PL;ELISENDA DE MONTCADA
8150;;PASSAREL·LA MARISTES
8155;;PASSAREL·LA CAMPS ELISIS
8160;;PONT PRINCEP DE VIANA
8165;AV;VICTORIANO MUÑOZ
8170;PL;JOSEP ESTADELLA
8175;TR;CARRER DE LA PLATERIA
8180;PL;L'ENSENYANCA
8185;PL;FONT DELS TRITONS
8190;;ESPAI INFANTIL "ROVELLO"
8195;CA;DOCTORA DOLORS ALEU
8200;AV;TORRE SALSES
8205;AV;AURELIA PIJOAN
8210;CA;SIMEO MIQUEL
8215;CA;CAMBRILS
8225;CA;VALLS
8240;CA;VILA-SECA
8245;CA;VENDRELL
8250;AV;GALILEO GALILEI
8255;AV;CHARLES DARWIN
8260;PL;CASES REGIONALS
8265;PL;EMILI SUBIAS
8270;PL;FONTANET
8275;PL;PARC DE L'AVENTURA - LLIVIA
8280;PS;MANUEL RAVENTOS
8285;PS;ESCOLES DE RAIMAT
8290;PL;MOSSEN ANTONI RUBIELLA
8295;CA;CELESTI POL
8300;CA;JOSEP BETRIU
8305;CA;JOSEP M. MINGUELLA
9038;;RECINTE BARRIS NORD
9039;PL;DE LA SARDANA
9040;CM;CAMI DE GARDENY
4678;PL;MANUEL GIRO
75;PL;AIGUA
6655;JA;ROC PIFARRE
8310;PL;JOSEP BONEU
5370;PL;PEPITA REIMUNDI
2305;PL;ESCOLA
85;PG;AGUSTI DURAN I SANPERE
3815;CA;JORDI SOLE TURA
8555;AV;VICTOR TORRES
7415;CA;SEBASTIA GRACIA
7255;PQ;SANTA CECILIA
3790;PL;JOSEP PRENAFETA
5375;PL;PEPITA CERVERA
4755;PL;MARIUS CARRETERO
5380;CA;PEPITA CALVET
5555;PL;FRANCISCO MONTALBAN
8700;CA;A
8701;CA;B
8702;CA;C
8703;CA;D
8704;CA;E
8705;CA;F
8706;CA;H
8707;CA;I
8708;CA;J
8709;CA;K
8710;CA;L
8711;CA;M
8712;CA;N
8713;CA;O
8714;CA;P
8715;CA;Q
8286;CA;ESCOLES DE RAIMAT
5975;PD;LA PLANA - SUCHS
9041;PO;POL.INDUST. ENTREVIES
120;PQ;ALCALDE PONS
9042;;UDL - RECTORAT
2655;PL;FEDERICA MONTSENY
3745;PL;JOSEFINA BARREU
4995;PL;MORAL-JURADO
2315;PL;ESTEVE CUITO
3825;CA;JORDI CORTADA
2025;CA;DOCTOR RAMON PIGEM
3540;PL;INFANTS - SUCHS
9043;CT;LL-12
9044;AV;ESPORTS
9045;CA;ACUARTELAMIENTO GARDENY
